,mse,n_dim,wdist
0,1419.641357421875,1,0.4570423662662506
1,1232.983154296875,7,0.2803744375705719
2,1432.5738525390625,13,2.6278817653656006
3,956.226806640625,19,1.032481074333191
4,1227.9510498046875,25,1.284683108329773
5,1078.98193359375,31,1.9298245906829834
6,969.4358520507812,37,0.3460700809955597
7,765.2929077148438,43,0.787988543510437
8,861.1695556640625,49,2.3505053520202637
9,928.4647827148438,55,1.3357468843460083
