,alpha,mse,wdist
0,10,1.2753806114196777,0.5884198546409607
1,100,19.019287109375,0.10797013342380524
2,1000,19.24315643310547,0.18529245257377625
3,10000,21.621234893798828,0.19430431723594666
4,1000000,20.697994232177734,0.1885080486536026
5,100000000,20.483806610107422,0.15647439658641815
