,mse,n_dim,wdist
0,30.84539794921875,1,0.00835284311324358
1,25.204883575439453,11,0.06982734054327011
2,24.167959213256836,22,0.11091452836990356
3,18.43387222290039,33,0.1252390742301941
4,20.562400817871094,43,0.21901817619800568
5,11.869176864624023,54,0.28869181871414185
6,12.374801635742188,65,0.27567535638809204
7,10.50021743774414,75,0.31708189845085144
8,10.111164093017578,86,0.4038131833076477
9,8.471465110778809,97,0.41190552711486816
