,mse,n_dim,wdist
0,28.983585357666016,1,0.011553013697266579
1,23.76837921142578,11,0.0817558765411377
2,21.732524871826172,22,0.17372363805770874
3,20.01519012451172,33,0.10628536343574524
4,15.197015762329102,43,0.2507399618625641
5,10.942157745361328,54,0.30033472180366516
6,10.755668640136719,65,0.3570626378059387
7,9.262510299682617,75,0.43596652150154114
8,9.852519989013672,86,0.49653446674346924
9,6.475217819213867,97,0.5644327402114868
