,alpha,mse,wdist
0,10,1.5388574600219727,0.5760564208030701
1,100,18.74295425415039,0.15998326241970062
2,1000,19.406583786010742,0.1871185004711151
3,10000,23.57901382446289,0.1907060742378235
4,1000000,24.011682510375977,0.17185692489147186
5,100000000,20.908706665039062,0.12854327261447906
