,mse,n_dim,wdist
0,29.239933013916016,1,0.008123490959405899
1,28.96781349182129,11,0.06535119563341141
2,24.387542724609375,22,0.14791448414325714
3,18.6027774810791,33,0.1544206738471985
4,16.594539642333984,43,0.2160203456878662
5,12.717911720275879,54,0.28679603338241577
6,18.153430938720703,65,0.25780245661735535
7,12.996822357177734,75,0.344926655292511
8,9.807587623596191,86,0.38547655940055847
9,6.623826026916504,97,0.40140822529792786
