,alpha,mse,wdist
0,100,787.6796875,0.5335054993629456
1,1000,1076.813720703125,1.4275732040405273
2,10000,1293.1328125,1.046146273612976
3,1000000,3201.416015625,0.30262041091918945
4,100000000,458532.375,0.2196754515171051
5,10000000000,897305.375,0.7751710414886475
