,alpha,mse,wdist
0,100,18.41109275817871,0.19749484956264496
1,1000,20.477203369140625,0.19445078074932098
2,10000,20.028581619262695,0.15627916157245636
3,1000000,21.384429931640625,0.22335724532604218
4,100000000,21.338361740112305,0.1901523619890213
5,10000000000,21.916831970214844,0.17026005685329437
