,alpha,mse,wdist
0,100,15.979864120483398,0.20025849342346191
1,1000,17.515033721923828,0.13955505192279816
2,10000,18.55215835571289,0.16209343075752258
3,1000000,20.258380889892578,0.19858704507350922
4,100000000,21.558849334716797,0.20029188692569733
5,10000000000,21.278736114501953,0.1757248342037201
