,alpha,mse,wdist
0,100,17.043895721435547,0.1451428234577179
1,1000,21.953662872314453,0.11823008954524994
2,10000,17.70889663696289,0.17763164639472961
3,1000000,21.513935089111328,0.19442786276340485
4,100000000,18.800098419189453,0.1981242597103119
5,10000000000,21.416166305541992,0.15669690072536469
